question,answer,content
"When did Airbnb go public, what was the price per share","December 9,2020 at $68 per share","Airbnb went public in 2020. However, the specific price per share at IPO is not mentioned in the transcript."
Why did Wimdu unlike Airbnb not take off?,Wimdu gragmented the marketed focusing mostly on Europe unlike Airbnb whose market focus was both global and local ,"Wimdu, similar to Airbnb, was a platform created by the Samwer brothers and Rocket Internet in Germany to clone successful tech business models from Silicon Valley. Despite their aggressive tactics, Wimdu did not succeed because it couldn't match Airbnb's global network effects and the deep trust and brand loyalty Airbnb had cultivated with its hosts and guests. Airbnb had a first-mover advantage, superior brand recognition, and was already operating globally with numerous listings that had accumulated reviews, which are crucial for trust in such platforms."
Why does market fragmentation work for airline industry but could't work for Airbnb,Even though both the airline industry and airbnb have a global geographical presence the airline operators working on a global scale have different requirements so do local and regional operators leading to different required infrastructure hence market fragmentation becomes important,"Market fragmentation can work for the airline industry because it supports regional operators who cater to specific geographical needs and can operate smaller routes efficiently. However, for Airbnb, the global network effect is crucial; a fragmented market does not work because travelers and hosts benefit most from a unified platform that offers global reach and trust. This global presence ensures that no matter where travelers go, they can find accommodations through a single, reliable platform, which wasn't achievable with a fragmented approach like that attempted by Wimdu."
How many hot dogs does Costco currently sell per year?,130 million,Annual Hot Dog Sales: Costco sells 130 million hot dogs per year.
"What store was created as ""the price club of hardware stores""?",Home Depot,"Store Created as ""the price club of hardware stores"": The store created as ""the price club of hardware stores"" is Home Depot."
How long did it take for Costco to generate 1 billion dollars in revenue?,Within 3 years,Time to Generate 1 Billion Dollars in Revenue: Costco reached 1 billion dollars in revenue in just over five years after its founding.
What is the New Look?,Look that celebrates life again after the WW2 created by Christian Dior house.,"The ""New Look"" refers to a revolutionary fashion style introduced by Christian Dior in 1947, characterized by soft shoulders, nipped waists, and voluminous skirts that emphasized luxury and femininity, sharply contrasting the boxy, utilitarian styles of wartime fashion. This fashion collection was a radical departure from the wartime aesthetic, representing not only a new chapter for France but also for the fashion world globally. It utilized an extravagant amount of fabric and introduced exaggerated silhouettes that were seen as a repudiation of the previous era's restrictions and hardships."
How much money did the Arnaut family offer to buy out the Boussac group?,15 million dollars bid,The Arnault family offered $15 million to buy out the Boussac group.
What is American Crown Jewel?,Tiffany and Co. brand,"The term ""American Crown Jewel"" isn't explicitly mentioned in the uploaded transcript. Therefore, I can't provide an answer based on that document. If you're referring to something specific, please provide more context or check if the term relates to another topic or source."
"According to Information Theory, what is the importance of knowing what message your sender is trying to convey?",The more closely the actual communication is to the expected message the 'noisier' the transmission medium can be and the less important gain is.,"Based on the transcript from the ""Acquired"" podcast on Qualcomm, Information Theory's importance in knowing what message the sender is trying to convey is highlighted through the discussion of how communication must happen through a medium, and the method by which signal is sent is governed by that medium. The theory, as discussed in the episode, touches on the relationship between the signal and the medium, emphasizing that the clarity and effectiveness of communication depend greatly on the medium's characteristics relative to the noise present.  This concept is crucial because it determines how efficiently and accurately the information can be transmitted and received. By understanding the intended message, one can better design the communication system to minimize errors and maximize the fidelity of the message. This is fundamental in technologies like CDMA, where the ability to decode and understand messages correctly and efficiently can significantly impact the overall system's performance.  Thus, in Information Theory, knowing the message that is intended to be conveyed is essential for optimizing both the encoding and decoding processes, ensuring that the communication is not only possible but also reliable and effective in various conditions."
Compare the impact on Qualcomm between the two Jacobs.,"Erwin Jacobs was a genius and visionary who participated in the founding and skyrocketing growth of two company's.  Paul Jacobs while running a large and complex company, made some notable incorrect bets and overplayed the company's patent assets taking on an adversary situation with customers and countries.","Based on the transcript from the ""Acquired"" podcast on Qualcomm, both Erwin Jacobs and Paul Jacobs had significant impacts on Qualcomm, each shaping the company's trajectory during their respective tenures in unique and influential ways. Erwin Jacobs: Erwin Jacobs, co-founder and the first CEO of Qualcomm, was instrumental in establishing the company and setting its foundational strategy. Under his leadership, Qualcomm developed and commercialized CDMA technology, which became a cornerstone for modern wireless communication systems. His vision was pivotal for QualcommÔs early innovations in digital communications, particularly in making cellular technology more efficient and widespread. His work laid the groundwork for Qualcomm to dominate in mobile tech, securing crucial patents and establishing Qualcomm's leadership in the technology space.  Paul Jacobs: Paul Jacobs, who succeeded his father Erwin as CEO in 2005, focused on expanding QualcommÔs reach during the smartphone boom. Under Paul's leadership, Qualcomm enhanced its chipset offerings with the Snapdragon processors, which became central to the smartphone industry. He also pushed the company into new areas such as digital media and other wireless technologies, ensuring Qualcomm's technology remained at the forefront of the mobile industry. Paul's tenure is noted for steering Qualcomm through significant growth phases, capitalizing on the expanding market for mobile devices and navigating the company through numerous technological shifts.  Comparison: Technological Innovation: Erwin Jacobs' impact is marked by foundational technological advancements and strategic positioning of Qualcomm as a leader in wireless communication technologies. In contrast, Paul Jacobs' tenure is characterized by diversification and strengthening QualcommÔs product line to adapt to the evolving digital landscape.  Leadership and Vision: Erwin's leadership established Qualcomm's early strategic direction and success in the wireless industry, focusing on innovation in CDMA technology. Paul, on the other hand, expanded on this foundation, adapting to new market dynamics and focusing on growth and sustainability in the rapidly growing smartphone market."
What is the Scandinavian connection to Qualcomm's early rise?,Nokia was one of the key early customers for ChatGPT and is a Finnish company.  ,"The Scandinavian connection to Qualcomm's early rise, as mentioned in the ""Acquired"" podcast, particularly relates to the influence of Finnish mathematician Arto Salomaa. His work on mathematical sequences and automata theory contributed foundational ideas that were significant in the development of sequence design crucial to CDMA (Code Division Multiple Access) technology."
When did AWS formed and who first head of AWS techincally?,"In 2002, total of 8 people attended the conference and announced to the world that launch of new division with in Amazon that is called Amazon Web service. Collin is tchnically becomes first head of AWS.","Amazon Web Services (AWS) began to take shape as a concept around 2003, based on internal discussions and the development of cloud computing infrastructure. The first technical team working specifically on AWS features like EC2 was led by Chris Pinkham, who played a pivotal role in its early development. Although Andy Jassy is often recognized as the executive who shaped AWS into its current form and led the business side, Chris Pinkham was technically the first to head the initial development team technically.





"
What was the final words by Amazon CTO Werner Vogels in Quora Post in 2011?,"Wernwe Volgels wrote ""The excess intrastructure capacity story is a myth. It was never a matter of selling excess capacity. Acutally, within two months after launch, AWS would have alreadyburned the excess amazon.com capacity.AWS was considered a business by itself with the expectation that it could even grow as big as amazon.com retail operation."" ","In the attached transcript, Amazon CTO Werner Vogels is quoted in a Quora post from 2011 stating that ""the excess capacity story is a myth. It was never a matter of selling excess capacity. Actually, within two months after launch, AWS would have already burned through the excess amazon.com capacity."" He emphasized that AWS was always considered as a standalone business with expectations that it could grow as big as Amazon's retail operations."
What boots and jacket we often see Jeff Bezos in ?,cowboy boots and a jacket,"Jeff Bezos is often seen wearing cowboy boots and a jacket, fitting with the common attire associated with ranching and outdoor work, especially in places like Texas where Blue Origin has its launch site."
Where is Blue Origins operations are based in?,"Van Horn, Texas","Blue Origin's operations are based in West Texas, as mentioned in the transcript. This area offers the vast open space that is conducive to rocket launches and tests."
Which was one of the first free email services?,Juno was one of the first free email services.,"The transcript mentions Juno as one of the first free email services. Juno was an early email service provider that was eventually merged with NetZero, another internet service provider."
When was the summit that eventually lead to the creation of Visa?,Summit was held in October 1968 between Bank of America and its licensees.,"The summit that eventually led to the creation of Visa took place in October 1968 in Columbus, Ohio. This meeting was convened by the licensees (franchisees) of the BankAmericard program to address various operational problems and grievances with the parent company, Bank of America. This summit was crucial as it led to the reorganization and transformation of the BankAmericard system, which eventually evolved into Visa."
What is Visa's net income margin and is there a company with a better margin?,"Visa's net income margin is 50%. No, there is not a known company with a better margin","Visa's net income margin is 50%, meaning that out of the $30 billion they make in revenue, their net income is about $15 billion. This margin appears to be the highest among large-scale companies, surpassing others like MasterCard at 43%, Microsoft at 34%, Apple at 25%, and Google at 21% . Therefore, based on the information provided, there doesn't seem to be another company of similar size or even significantly smaller that has a net income margin over 50%, making Visa one of the most profitable in terms of net income margin."
Visa is the global sponsor of what?,Visa is the global sponsor of The Olympics,"Visa is the exclusive payments global sponsor of the Olympics, a status they have held for many years and are contracted through at least 2032 ."
"In 1976, Steve Jobs along with Steve Wozniak created the game, Breakout, for Atari and Nolan Bushnell. Three industries were born concurrent with the creation of this game. What where they?","The home video game console business, the arcade video game business and the personal home computer business were born at that time. ","Based on the transcript you provided, three major industries emerged around the time Steve Jobs and Steve Wozniak created the game Breakout for Atari: 1. **Home Video Game Console Business:** This industry was initiated with the Magnavox Odyssey, which was the first home video game console system. Atari further popularized this with the success of Pong and subsequently inspired the development of more sophisticated gaming consoles. 2. **Arcade Video Game Business:** The creation of Breakout also coincided with the explosive growth of the arcade video game industry. Atari played a significant role in this by creating games that became staples in arcade centers, significantly advancing the arcade gaming scene. 3. **Personal Home Computer Business:** The development of Breakout and the collaboration between Jobs and Wozniak also laid foundational experiences that would eventually lead to the formation of Apple and the personal home computer industry. Their work on Breakout influenced their approach to technology and user interface design, contributing significantly to the development of personal computing. These industries developed concurrently with and were influenced by the innovations and technological advancements stemming from the creation of Breakout by Jobs and Wozniak."
What does Nintendo mean?,"It means either ""Leave luck to heaven"" or ""The temple of free hanafuda."" ""Leave luck to heaven"" is the more common answer.","According to the transcript you provided, the name ""Nintendo"" is derived from the kanji characters nin, ten, and dou. These characters can be interpreted as ""leave luck to heaven,"" which relates to the luck involved in playing cards, considering Nintendo started as a playing card company. Additionally, the character 'Ten' may refer to 'Tengu,' a mythical spirit associated with gambling and casinos, hinting at the company's roots in a time when gambling was still very much illegal in Japan."
What was a key strength of Hiroshi Yamauchi? This is something that he was just good at. ,Hiroshi Yamauchi was very good at spotting games that consumers would love to play. ,"Based on the transcript you provided, a key strength of Hiroshi Yamauchi, the former president of Nintendo, was his remarkable intuition for identifying which games would be successful and fun. He had an ""unbelievable eye,"" as described in the transcript, which enabled him to discern the potential fun and success of games just by observing them, often without even playing them himself. This ability was crucial for Nintendo as it allowed Yamauchi to guide the company towards products that would resonate with consumers and become hits in the gaming industry."
"What are the 3 interrelated things that make Renaissance Technologies unique from other investment firms with similar commodities (smartest people with the best data and infrastructure), such as Citadel, DE Saw, Two Sigma, and Jane Street?","The 3 interrelated things that make Renaissance Technologies unique are 1. one model that everyone collaborates on together, 2. a super small team where everyone knows each other and the financial impact anyone makes to the that one model is great to everyone 3. the LPGP model with very high carry performance fees that creates the right set of incentives for both new and old talent.","From the detailed transcript discussing Renaissance Technologies, three interrelated factors uniquely characterize the firm compared to other leading investment firms like Citadel, D.E. Shaw, Two Sigma, and Jane Street:

1. **Secrecy and Non-Traditional Staffing**:
   Renaissance Technologies is known for its extreme level of secrecy, as indicated by their practice of having employees sign lifetime non-disclosure agreements. This secrecy extends to almost every aspect of their operation. Unlike other firms, Renaissance also differentiates itself by predominantly hiring highly educated specialists from non-financial backgrounds, such as mathematicians, physicists, and signal processing experts, rather than traditional finance experts. This unique blend of secrecy and specialist expertise underpins their approach and success.

2. **Quantitative and Automated Trading Focus**:
   The firm's focus on pure quantitative strategies, driven by complex mathematical models and algorithms, sets it apart. While other firms also use quantitative strategies, Renaissance's approach is notable for its reliance on automated systems that minimize human intervention and bias in trading decisions. This focus is integral to their operations and is tightly intertwined with their recruitment strategy, favoring individuals with strong scientific and mathematical skills over conventional financial analysis skills.

3. **Unique Founder Background and Culture**:
   The firmÔs founder, Jim Simons, was a former Cold War codebreaker before starting Renaissance, which deeply influences the firm's culture and operations. This background in codebreaking reflects a profound reliance on data and algorithmic precision that is distinct from other firms. Additionally, RenaissanceÔs operational base in a remote Long Island town rather than a financial hub further emphasizes their unique internal culture and operational approach, fostering a closed and tightly controlled environment.

These three aspects-secrecy, a focus on quantitative methods, and the unique scientific and operational culture stemming from its founderÔs background-collectively define Renaissance TechnologiesÔ unique position in the competitive landscape of investment firms."
"What series of philosophical arguments presented by an ancient Greek philosopher does Jim Simons, the founder of Renaissance Technologies, learn about as a 4-year-old that sparks his interest in math?",Zeno's paradoxes,"According to the transcript, Jim Simons stumbled into one of Zeno's famous paradoxes from ancient Greek philosophy as a four-year-old, sparking his interest in math. Zeno's paradoxes are known for challenging the concepts of motion and infinity in ways that are deeply counterintuitive and mathematically provocative. Specifically, Simons encountered the concept of always dividing a quantity by two and never hitting zero, illustrating the idea of an infinite series that asymptotically approaches a limit but never actually reaches it. This early exposure to mathematical thinking profoundly influenced his intellectual development and future career."
"In the year 2000, when the tech bubble bursts and the market is down big, what was the Medallion Fund's % gross returns?",128% gross returns,"According to the uploaded transcript, in the year 2000, when the tech bubble burst and the market experienced significant downturns, the Medallion Fund managed by Renaissance Technologies achieved an impressive gross return of 98.5%. This performance showcases the fund's ability to capitalize on market conditions and volatility through its sophisticated quantitative trading strategies."
who was the first rocket engine engineer in spacex,Tom Mueller,"Tom Mueller is identified as the first rocket engine engineer at SpaceX. He is highly praised for his expertise and is recognized as a significant contributor to the development of SpaceX's rocket engines, particularly the Merlin engine, which became fundamental to the success of the Falcon rockets."
can you tell me total number of people working in Spacex,7000,"From the attached transcript, it is mentioned that SpaceX is a ""7,000 person company."" This number refers to the total number of employees working at SpaceX at the time of the discussion in the transcrip"
What is the cost of rocket travel based on the materials?,0.02,"From the transcript, it's mentioned that if you calculate the cost of goods sold for aerospace-grade aluminum alloys, plus some titanium, copper, and carbon fiber on the open commodities market, these materials constitute about 2% of what rockets cost. This point emphasizes how the raw materials themselves are only a tiny fraction of the overall cost of building and launching rockets, indicating that the actual expenses are vastly amplified by other factors in the manufacturing and launch processes."
what is the idea about mars oasis,"the idea behind a Mars Oasis is that they're going to buy a rocket, and they're going to put a plant on it, and they're also going to put a robot on it, and they're going to shoot this rocket to mars","The Mars Oasis project was an idea to inspire greater interest in space exploration. The concept involved sending a greenhouse to Mars to grow a plant, which would be part of a larger effort to rekindle public and governmental interest in space missions. This idea was part of Musk's broader vision before establishing SpaceX and shifted towards more practical commercial and exploration goals with the founding of SpaceX"
What was Elon MuskÔs initial investment in SpaceX?,Approx 100 MN,"Elon Musk's initial investment in SpaceX was about $100 million. This is mentioned in the context of him being willing to go all in, having already invested this amount in SpaceX to achieve the company's early milestones and attempts at launching the Falcon rockets."
How is Jim Weber's strategic focus influence the revitalization of Brooks Running?,"His leadership is pivotal in transforming Brooks Running from a struggling company into a leading shoe brand company. His focus on the running segment and prioritizing performance and technology in their products, helped Brooks steered towards the leading market  with sustainable growth and profitability.","Jim Weber's strategic focus has been pivotal in revitalizing Brooks Running, evidenced by his targeted approach to transform the company from a struggling entity into a thriving, niche leader in the running shoe market. When Weber took over as CEO in 2001, Brooks Running was on the brink of financial collapse, facing significant losses and debt. He made a decisive shift to focus exclusively on performance running shoes, eliminating other product lines that weren't aligned with this vision...

Weber's strategy emphasized understanding and catering to the needs of active runners, thereby establishing a focused brand identity. This approach not only differentiated Brooks from competitors but also aligned the company's offerings with a clear, passionate consumer base. Over time, his strategy facilitated Brooks' growth from a small-scale operation to a billion-dollar revenue company, demonstrating the success of his focused, long-term strategic planning. Additionally, Weber's leadership style, characterized by a belief in the importance of the journey over just the end goals, infused a strong, values-driven culture throughout the organization, further enhancing its market position and resilience, even through challenging times such as the pandemic..."
How did Brooks Running approach to market segmentation give it a competitive advantage?,"It gained competitive advantage by strategically focusing on the needs of dedicated runners. This dedicated focus allowed the company to develop highly specialized products that meet the specific needs of the customers, which built a strong brand loyalty and solid reputation in the running community. ","Brooks Running's approach to market segmentation focused exclusively on performance running shoes for active runners, which gave it a significant competitive advantage. This strategic decision involved discontinuing all other product lines that did not serve the core market of dedicated runners. By concentrating solely on this segment, Brooks was able to specialize and innovate specifically in performance running, which appealed strongly to its target consumers.

This focused strategy allowed Brooks to differentiate itself in a crowded market dominated by larger brands that offered a broader range of athletic products. Most competitors were producing shoes for multiple sports or were engaged in mass-market consumer targeting. In contrast, Brooks dedicated all its resources to understanding and meeting the specific needs of runners, from casual joggers to marathon participants.

This intense focus on a single consumer segment enabled Brooks to develop deep expertise in running technology, shoe performance, and customer preferences, which in turn led to the creation of highly specialized products that resonated well with its audience. The strategy not only improved product quality and brand loyalty but also positioned Brooks as an expert in running, garnering a reputation as a top choice among serious runners.

Moreover, by avoiding the ""everything to everyone"" approach and not diluting its brand across multiple sports, Brooks could concentrate its marketing efforts and resources, enhancing its visibility and appeal within the running community. This strategic market segmentation fostered a strong brand identity and community around Brooks, which was crucial for its growth and success in the highly competitive athletic footwear market..."
What was the patent Heddy developed? Was it publicly available?,"Hedy teams up with her new Hollywood neighbor, a music composer named George Antheil.  With her ideas and his musical prowess, they developed a concept that they patent. They get issued a confidential patent that stays confidential for decades in the US military","Hedy Lamarr, along with composer George Antheil, developed a patent for a technology called ""frequency hopping."" This technology was initially designed as a way to prevent the jamming of radio signals during World War II, particularly for radio-guided torpedoes. The idea was that by rapidly switching the frequencies at which radio signals were transmitted, it would be harder for enemies to intercept or jam the signals."
Why were patents developed by Heddy had 88 frequency hops ?,"There were 88 frequency hops in their technical description of the patent because there are 88 keys on a piano. They took two player piano scrolls that had the same basically song, and they mapped each note to a new frequency. They put the same player piano in the same scroll on the receiver that they did on the transmitter, and they pressed play on the player piano song at the same time so it would know exactly where to hop around.","The reason Hedy Lamarr and George Antheil's patent included 88 frequency hops is directly tied to the method they devised for synchronizing the frequency changes. They used a player piano (also known as a pianola) mechanism to orchestrate these hops. A player piano operates by reading a roll of paper with punched holes, each representing musical notes and their timing."
What was the role of Trump administration on the takeover of Broadcomm over Qualcomm and why the decision was made?,The Trump administration got involved in the deal and said it would be a national security concern and block the hostile takeover deal. Qualcomm had great relationships with the US government and always have since the early days in being a government contractor.,"In March 2018, the Trump administration blocked Broadcom's proposed takeover of Qualcomm through an executive order issued by President Donald Trump. This decision was made on national security grounds, primarily influenced by recommendations from the Committee on Foreign Investment in the United States (CFIUS)."
what is one decision Porsche made to improve business that went against industry norm?,cancel all other car models except the 911,"One decision Porsche made that went against industry norms was to focus on high-margin models rather than trying to fill every market segment. In the 1990s, under CEO Wendelin Wiedeking, Porsche implemented the Toyota production system to improve efficiency and cut costs. Moreover, Wiedeking made the bold decision to reduce the product lineup to just the 911, cutting models like the 944, 968, and 928, and focusing on the high-end, high-margin 911. This went against the conventional wisdom that automakers should offer a range of vehicles to cover all market segments. Wiedeking famously quipped that Porsche's strategy for an entry-level car was a used Porsche, highlighting their focus on maintaining brand exclusivity and profitability over market share..."
What city owns 20% of volkswagen and why,"Lower Saxony, as a method to get the company off the ground","The German state of Lower Saxony holds a 20% share in Volkswagen AG. This significant ownership stake is rooted in the history of the company and the region's economy. The ""Volkswagen Law,"" which was specific to the company, was created to protect Volkswagen from takeovers and ensure local influence in its operations. This law, along with Lower Saxony's stake, reflects the importance of Volkswagen to the local economy and the desire of the state to maintain a level of control over corporate decisions that could have significant regional implications...  This stake has implications for Porsche because of the complex corporate interplay between Volkswagen AG and Porsche. As described in the transcript, Porsche engaged in a series of financial maneuvers involving the acquisition of VW shares, which eventually led to VW buying Porsche. This intertwined ownership and the fact that the families (Porsche and Pich) emerged as the largest shareholders of VW Group illustrate the complexity and the strategic economic relationships within the German automotive industry"
What's Startup Garage at Stanford's GSB?,A class at GSB to build and launch a startup company,Startup Garage at Stanford's GSB is an interdisciplinary course for teams to build and launch companies.
Who is the owner of the shop that ispired the idea behind the doordash app?,Chloe,"Chloe, Chantal Guion macaroon shop."
Where was the first customer of paloaltodelivery.com working at? what was he doing at Stanford?,"Leafly, the marijuana company;
A Visiting Author",Worked at Leafly; visiting author at Stanford.
What seminar did Sam Walton enroll himself in in poughkeepsie New York,IBM Computer Training Seminar ,"Sam Walton enrolled in a Dale Carnegie seminar in Poughkeepsie, New York. This seminar, focused on public speaking and self-improvement, was a pivotal point for Walton as it helped him overcome his fear of speaking in public"
What Percentage of Rent to Sales did Sam Waltons first Ben Franklin cost,5%,"Sam Walton's first Ben Franklin store in Newport, Arkansas, had a rent that cost 5% of sales, which was considered exceptionally high for a variety store business at that time."
How much top line revenue % did walmart see a year after their IPO 1972,77%,"The year after Walmart's IPO in 1972, the company's top-line revenue growth was approximately 34%"
why did Nvidia use a startup Foundry emulation software to produce their chips at some point,They were bankrupt and did not have any other option,to expedite their product launch due to time constraints and limited resources.
What did Nvidia call its first graphics card,G-force 256,G-Force 256.
Why did Jensen decide to write and send a letter through a physical address to Morris of TSMC,Jensen could not get a hold of all the sales people because they had been ignoring him (Nvidia was not doing well at this point in time.,because NVIDIA needed a reliable manufacturing partner quickly to meet product launch timelines.
What was Peloton original price,"$1,200.00 ","The original price of the Peloton bike was set at $1,200. However, after receiving customer feedback and considering market perception, Peloton decided to raise the price to $2,245. This price adjustment was made to position the product as a premium, luxury item, aligning with the perception that higher-priced items offer greater value"
How much stock did John Foley had in Peloton in 2022," 39.6%, so right around 40%, ","n 2022, John Foley controlled approximately 40% of the voting power of Peloton's stock, according to the company's proxy statement?"
What percentage of NBA league revenue since 1983 has been contractually going to players?,50%,The uploaded transcript does not contain specific information about the percentage of NBA league revenue that has been contractually going to players since 1983. It provides a detailed discussion on various aspects of NBA's business and history but does not address this particular question directly.
"What is the analogy in the Podcast for ""Bitcoin is calculator, let's build a computer""?","It's like someone handed you a Macintosh without Mac OS for it. What you said was, well, I'm going to start building Slack or I'm going to start building Chrome or Photoshop. Then somebody proposes to you, whoa, instead of just building Photoshop, build Mac OS.","In the uploaded transcript, the analogy used is that Bitcoin is like a calculator, while Ethereum is likened to a computer. This analogy highlights the difference in their capabilities and functionalities. Bitcoin is described as having a specific, limited function similar to a calculator, focusing primarily on transactions and financial exchanges. On the other hand, Ethereum is envisioned as a more complex and versatile platform, akin to a computer, capable of running a wide variety of applications through its implementation of smart contracts. This analogy is used to illustrate Ethereum's broader utility and potential beyond just being a digital currency."
What is the connection to Vitalik to the year 1994 and what was his parent's condition and Russia during the time?,"Vitalik was born in 1994. His parents were young and very unprepared. Russia at the time was in total shambles. The Soviet Union had collapsed a couple years before, there's hyperinflation like double digits per month inflation. People are losing everything. There's a depression, people are starving.","In the transcript, it is mentioned that Vitalik Buterin was born in 1994 in Russia, a time of considerable upheaval following the collapse of the Soviet Union. His parents were both computer science students at the time of his birth, which positioned them in a technically skilled but economically volatile environment.

The transcript notes that Russia during the early 1990s was marked by significant economic challenges, including hyperinflation and a general state of disarray following the dissolution of the Soviet Union. This resulted in hardships for many families, including potentially Vitalik's, though specific details on their personal economic conditions are not detailed in the excerpt provided.

This backdrop of economic instability and the opportunities in the field of computer science that his parents were involved in likely influenced Vitalik's early exposure to technology and shaped some of his later interests in cryptography and decentralized systems, culminating in his development of Ethereum."
What was argument before Vtalik's presentation in Miami?,"Argument between Gavin and Anthony, to include Gavin as co-founder","Before Vitalik's presentation in Miami, the argument within the Ethereum team centered on how the organization should be structured-specifically, whether to set it up as a for-profit company or as a non-profit foundation. This debate was crucial as it would determine the operational, financial, and legal strategies moving forward, impacting how Ethereum would raise funds and operate within the regulatory environment.

Some members, like Charles Hoskinson and Anthony Di Iorio, favored a for-profit entity that could leverage venture capital investment, aiming to build a commercially viable enterprise. Others, including Vitalik Buterin and Mihai Alisie, argued for a non-profit foundation model to keep the project aligned with the broader principles of decentralization and open-source community engagement.

The tension was high, reflecting deep divisions in vision and approach among the founding members, which ultimately needed to be resolved to move forward with Ethereum's development and public introduction."
what was the worst stock price percentage down in a day for NVIDIA ?,80% in a day for Nvidia,"The worst single-day stock price drop for NVIDIA mentioned in the document occurred in mid-2008, where NVIDIA's stock price plummeted by 80%"
"In 2012, What is the  competition against imageNet Database and what was the error rate compared to others & who won the competition?","Algorithm Competition, 15% error rate compared to others,  university of Toronto won the competition","In 2012, the competition against the ImageNet database was won by a team from the University of Toronto with their algorithm, achieving an error rate of 15%. This was a significant improvement over previous error rates, which were around 25%. The team's approach, using a convolutional neural network called AlexNet, marked a major advancement in the application of deep learning techniques for visual recognition tasks."
What is NVIDIA free cash flow in billions  every year? ,NVIDIA generate $8 billion of free cash flow every year,"From the attached file, it is mentioned that NVIDIA has been generating approximately $8 billion of free cash flow annually in recent years. This figure has been consistent due to the company's successful business operations and financial strategies"
What is the difference between recurrent neural networks and convolutional neural networks?,The state of the art had evolved and RNN is sequential and has very short context window.,"RNNs, which came before transformers, have a short context window and process sequentially, which limits their ability to handle long sequences of data. CNNs, which have been around since the 60s, are computationally intensive to train but excel at tasks like image recognition because they process data in parallel and can identify features regardless of their position in the input space."
What did Jensen Huang say in the Stratechery interview in March 2023 about the year 2022?,"Jensen said that 2022 was a disappointing year, when Chat GPT was released.","Jensen Huang referred to 2022 as 'unquestionably a disappointing year,' largely due to financial downturns related to cryptocurrency and challenges with TSMC preorders despite high demand for AI compute capabilities."
What is CUDA's most unique feature?,CUDA has a unified interface which is incredibly flexible and well-supported by a huge community.,"CUDA's unique feature is enabling developers to fully utilize graphics cards for parallel processing, crucial for AI and other computationally intensive applications."
Where did the issuance of the first banknotes originate?,England,England
what happen on 2013 in relation to bitcoin ,Ross Ulbricht was Arrested,"In 2013, the FBI conducted a sting operation and arrested Ross Ulbricht, the operator of the Silk Road, a notorious online black market that extensively used Bitcoin as a currency. This event highlighted the association of Bitcoin with illegal online transactions and brought significant attention to the digital currency, impacting its reputation and regulatory scrutiny."
does bitcoin have a higher appreciation per year as compared to gold?,yes,yes
how did Winklevoss brother changed the bitcoin market ,"They Investemented hiked up the bitcoin value and attracted traditional financial markets, increasing its legitimacy and accessibility","The Winklevoss twins significantly influenced the Bitcoin market by their early, substantial investments and by launching Gemini, a compliant cryptocurrency exchange. Their efforts to establish a Bitcoin ETF, although initially unsuccessful, aimed to integrate Bitcoin into traditional financial markets, increasing its legitimacy and accessibility."
"In February 1967, Warren Buffet decide to transform Berkshire into an insurance company. How much time did it take for Warrne Buffet to work out on a deal?",15 minutes,"In February 1967, Warren Buffet managed to work out a deal to transform Berkshire into an insurance company in a remarkably short amount of time. He was able to secure the deal in just 15 minutes during a lunch with Jet Jack Ringwald, the owner of the company that Buffet wanted to buy for Berkshire ."
What is Warren Buffet net worth after working at Graham-Newman for two years?,"$175,000 ","After working at Graham-Newman for two years, Warren Buffet's net worth was about $175,000 ."
On which day of the week did Warren Buffet talked with Lorimer and for how long?,On Saturday for 4 hours,"Warren Buffet spoke with Lorimer Davidson on a Saturday, and their conversation lasted for four hours ."
"Which company, in addition to Facebook and Google, showed interest in WhatsApp?",Tencent,Tencent showed interest in acquiring WhatsApp.
"During high school year, which online security community Jan Koum was part of? ",w00w00,"Jan Koum was part of the ""w00w00"" online security community during his high school years."
What business strategies did Jan used to increase the popularity of the WhatsApp product?,"Changing the app's name was a growth hack to attract new users on a weekly basis, thereby ensuring the app would display as a new app. ",One of the strategies Jan used was changing the app's name as a growth hack to attract more users and increase the app's popularity
What company did Disney invest in and eventually purchase for the technology to enable their streaming services platform?,BAMTech,"Disney spent $2.6 billion on BAMTech, which they acquired to enable their streaming services platform."
What was the result of the shareholder no confidence bid against Bob Eisner after the failed Disney takeover bid by Comcast?,43% No Confidence,43% of Disney shareholders voted no confidence at Eisner at the shareholder meeting after the failed takeover bid by Comcast.
What position did Bob Eisner have and in what company when Disney acquired it?,COO at Capital Cities,Bob Eisner was COO of Capital Cities/ABC when Disney acquired the company.
What did Jeffrey Skilling say to the dean of Harvard Business School during his entrance interview?,"""I'm fucking smart.""","Jeffrey Skilling told the dean of Harvard Business School that he was ""effing smart"" during his entrance interview ."
What was the singular condition that Jeffrey Skilling requested before joining Enron?,Market-to-market accounting,Jeffrey Skilling requested that Enron adopt mark-to-market accounting as a condition for him joining the company 
What historic event took investigative pressure off of Enron before its stock collapsed?,September 11th,"The September 11, 2001, terrorist attacks temporarily took investigative pressure off Enron, allowing the company a brief reprieve from scrutiny before its eventual collapse ."
How did Enron remove investments from its accounting books?,Special purpose entities,"Enron removed investments from its accounting books by using special purpose entities (SPEs) to package and offload these investments, thus not showing them on Enron's consolidated accounting books. "
The fall of Enron is similar to what other bankruptcy from 2022?,FTX,"The fall of Enron is considered similar to the bankruptcy of FTX in 2022. Both companies experienced financial collapse under the weight of dubious internal practices and a lack of transparency, which ultimately led to massive losses for investors and stakeholders."
What metrics did FTX judge itself by?,"Become the biggest crypto exchange, did we succeed in getting retail users, did we expand beyond crypto.","FTX judged itself by becoming the largest crypto exchange, retail user market penetration, expansion beyond crypto, regulatory standing, and continuous innovation ."
When was Trip Hawkins exposed to Computers?,Sophomore year of high school,"Trip Hawkins was first exposed to computers during his high school years around the early 1970s. As he mentioned, he was trying to get his friends to play tabletop games, but many found it too much work. This led him to explore the potential of computers as a medium for gaming and interactive experinces. He realized the potential of computers to streamline and enhace gaming experiences, which eventually became a significant focus of his entrepreneurail endeavors."
What was Trip Hawkins favtorite game growing up?,Strat-O-Matic,"Trip Hawkins mentioned his favorite game growing up was "" Strat-O-Matic,"" a tabletop sports simulation game invented in the 1960s. He described how he enjoyed playing this game, which involved rolling dice and using player cards to determine outcomes based on statistical probabilities."
